Workbook

Sheet Sheet1
A1: NYC | C1: LA | E1: Chicago | G1: Houston | I1: Phoenix | K1: San Antonio | M1: Philadelphia | O1: San Diego | Q1: Dallas | S1: Jacksonvile
A2: Winter Weather | B2: 16 | C2: High Wind | D2: 249 | E2: Cold/Wind Chill | F2: 13 | G2: Thunderstorm Wind | H2: 42 | I2: Frost/Freeze | J2: 3 | K2: Winter Storm | L2: 5 | M2: Winter Weather | N2: 45 | O2: Dense Fog | P2: 115 | Q2: Drought | R2: 24 | S2: Astronomical Low Tide | T2: 2
A3: Winter Storm | B3: 9 | C3: Flash Flood | D3: 102 | E3: Heavy Snow | F3: 6 | G3: Flash Flood | H3: 10 | I3: Winter Storm | J3: 1 | K3: Winter Weather | L3: 11 | M3: Astronomical Low Tide | N3: 6 | O3: High Wind | P3: 101 | Q3: Winter Storm | R3: 5 | S3: Thunderstorm Wind | T3: 199
A4: Heavy Snow | B4: 4 | C4: Hail | D4: 9 | E4: Hail | F4: 91 | G4: Tropical Storm | H4: 1 | I4: Dense Fog | J4: 5 | K4: Thunderstorm Wind | L4: 82 | M4: Cold/Wind Chill | N4: 9 | O4: High Surf | P4: 54 | Q4: Sleet | R4: 3 | S4: Hail | T4: 59
A5: Strong Wind | B5: 6 | C5: Winter Storm | D5: 35 | E5: Lightning | F5: 7 | G5: Hail | H5: 30 | I5: Flood | J5: 10 | K5: Flash Flood | L5: 158 | M5: Flood | N5: 19 | O5: Winter Weather | P5: 4 | Q5: Heavy Snow | R5: 16 | S5: Tornado | T5: 7
A6: Blizzard | B6: 1 | C6: Thunderstorm Wind | D6: 35 | E6: Tornado | F6: 8 | G6: Funnel Cloud | H6: 1 | I6: Heavy Rain | J6: 29 | K6: Hail | L6: 193 | M6: Strong Wind | N6: 6 | O6: Flash Flood | P6: 42 | Q6: Winter Weather | R6: 11 | S6: Rip Current | T6: 11
A7: Excessive Heat | B7: 3 | C7: Sneakerwave | D7: 1 | E7: Thunderstorm Wind | F7: 155 | G7: Tornado | H7: 6 | I7: Strong Wind | J7: 4 | K7: Tornado | L7: 5 | M7: High Wind | N7: 13 | O7: Heavy Rain | P7: 9 | Q7: Thunderstorm Wind | R7: 122 | S7: Lightning | T7: 46
A8: Flash Flood | B8: 20 | C8: Rip Current | D8: 1 | E8: Flash Flood | F8: 42 | G8: Lightning | H8: 2 | I8: Thunderstorm Wind | J8: 205 | K8: Heavy Rain | L8: 3 | M8: Heavy Snow | N8: 2 | O8: Debris Flow | P8: 8 | Q8: Lightning | R8: 11 | S8: Heavy Rain | T8: 84
A9: Thunderstorm Wind | B9: 19 | C9: Wildfire | D9: 32 | E9: Heavy Rain | F9: 24 | G9: Heavy Snow | H9: 1 | I9: Flash Flood | J9: 60 | K9: Heat | L9: 4 | M9: Winter Storm | N9: 12 | O9: Lightning | P9: 13 | Q9: Hail | R9: 150 | S9: Flood | T9: 31
A10: High Wind | B10: 9 | C10: Debris Flow | D10: 21 | E10: High Wind | F10: 24 | G10: Winter Storm | H10: 1 | I10: Dust Storm | J10: 38 | K10: Tropical Storm | L10: 1 | M10: Thunderstorm Wind | N10: 151 | O10: Dust Storm | P10: 3 | Q10: Flash Flood | R10: 80 | S10: Coastal Flood | T10: 20
A11: Hail | B11: 4 | C11: Funnel Cloud | D11: 1 | E11: Sleet | F11: 1 | G11: Extreme Cold/Wind Chill | H11: 1 | I11: Hail | J11: 15 | K11: Excessive Heat | L11: 2 | M11: Heat | N11: 4 | O11: Thunderstorm Wind | P11: 27 | Q11: Tornado | R11: 15 | S11: Flash Flood | T11: 16
A12: Heat | B12: 2 | C12: Heavy Snow | D12: 1 | E12: Flood | F12: 68 | G12: Ice Storm | H12: 2 | I12: Funnel Cloud | J12: 5 | K12: Drought | L12: 23 | M12: Funnel Cloud | N12: 1 | O12: Wildfire | P12: 8 | Q12: Flood | R12: 11 | S12: Winter Weather | T12: 2
A13: Tropical Storm | B13: 1 | C13: Tornado | D13: 6 | E13: Lake-Effect Snow | F13: 1 | G13: Drought | H13: 5 | I13: Tornado | J13: 2 | K13: Lightning | L13: 3 | M13: Heavy Rain | N13: 3 | O13: Hail | P13: 2 | Q13: Heavy Rain | R13: 1 | S13: Strong Wind | T13: 1
A14: Lightning | B14: 2 | C14: Dust Storm | D14: 1 | E14: Winter Weather | F14: 21 | G14: Excessive Heat | H14: 6 | I14: Excessive Heat | J14: 73 | K14: Flood | L14: 4 | M14: Flash Flood | N14: 88 | O14: Coastal Flood | P14: 13 | Q14: Excessive Heat | R14: 13 | S14: Tropical Storm | T14: 14
C15: Lightning | D15: 1 | E15: Winter Storm | F15: 12 | G15: Heat | H15: 1 | I15: Lightning | J15: 2 | K15: Extreme Cold/Wind Chill | L15: 2 | M15: Excessive Heat | N15: 21 | O15: Flood | P15: 25 | Q15: Wildfire | R15: 1 | S15: High Surf | T15: 2
C16: Blizzard | D16: 1 | E16: Excessive Heat | F16: 4 | G16: Winter Weather | H16: 1 | I16: Heat | J16: 46 | K16: Strong Wind | L16: 1 | M16: Blizzard | N16: 1 | O16: Strong Wind | P16: 20 | Q16: Heat | R16: 29 | S16: Funnel Cloud | T16: 4
C17: Strong Wind | D17: 3 | E17: Coastal Flood | F17: 2 | I17: Dust Devil | J17: 2 | K17: Wildfire | L17: 2 | M17: Hail | N17: 16 | O17: Heavy Snow | P17: 4 | Q17: Cold/Wind Chill | R17: 2 | S17: Wildfire | T17: 2
C18: Flood | D18: 1 | E18: Rip Current | F18: 6 | K18: High Wind | L18: 1 | M18: Coastal Flood | N18: 15 | O18: Rip Current | P18: 1 | Q18: Extreme Cold/Wind Chill | R18: 2
E19: Extreme Cold/Wind Chill | F19: 1 | M19: Tropical Storm | N19: 1 | O19: Heat | P19: 20 | Q19: High Wind | R19: 2
E20: Ice Storm | F20: 1 | M20: Tornado | N20: 3 | O20: Excessive Heat | P20: 24 | Q20: Strong Wind | R20: 1
E21: Lakeshore Flood | F21: 8 | M21: Dense Fog | N21: 16 | O21: Funnel Cloud | P21: 4 | Q21: Ice Storm | R21: 1
E22: Drought | F22: 4 | O22: Winter Storm | P22: 2
E23: Strong Wind | F23: 1 | O23: Tornado | P23: 1

Sheet Sheet2
A1: NYC | B1: Winter Weather | C1: 16
A2: NYC | B2: Winter Storm | C2: 9
A3: NYC | B3: Heavy Snow | C3: 4
A4: NYC | B4: Strong Wind | C4: 6
A5: NYC | B5: Blizzard | C5: 1
A6: NYC | B6: Excessive Heat | C6: 3
A7: NYC | B7: Flash Flood | C7: 20
A8: NYC | B8: Thunderstorm Wind | C8: 19
A9: NYC | B9: High Wind | C9: 9
A10: NYC | B10: Hail | C10: 4
A11: NYC | B11: Heat | C11: 2
A12: NYC | B12: Tropical Storm | C12: 1
... A178: Jacksonvile | B178: Wildfire | C178: 2

Sheet Sheet3
B1: NYC | C1: LA | D1: Chicago | E1: Houston | F1: Phoenix | G1: San Antonio | H1: Philadelphia | I1: San Diego | J1: Dallas | K1: Jacksonvile
A2: Winter Weather | B2: =VLOOKUP(A2,Sheet2!B$1:C$13,2,FALSE) -> 16 | C2: =VLOOKUP(A2,Sheet2!B$14:C$30,2,FALSE) -> #N/A | D2: =VLOOKUP(A2,Sheet2!B$31:C$52,2,FALSE) -> 21 | E2: =VLOOKUP(A2,Sheet2!B$53:C$67,2,FALSE) -> 1 | F2: =VLOOKUP(A2,Sheet2!B$68:C$83,2,FALSE) -> #N/A | G2: =VLOOKUP(A2,Sheet2!B$84:C$100,2,FALSE) -> 11 | H2: =VLOOKUP(A2,Sheet2!B$101:C$120,2,FALSE) -> 45 | I2: =VLOOKUP(A2,Sheet2!B$121:C$142,2,FALSE) -> 4 | J2: =VLOOKUP(A2,Sheet2!B$143:C$162,2,FALSE) -> 11 | K2: =VLOOKUP(A2,Sheet2!B$163:C$178,2,FALSE) -> 2
A3: Winter Storm | B3: =VLOOKUP(A3,Sheet2!B$1:C$13,2,FALSE) -> 9 | C3: =VLOOKUP(A3,Sheet2!B$14:C$30,2,FALSE) -> 35 | D3: =VLOOKUP(A3,Sheet2!B$31:C$52,2,FALSE) -> 12 | E3: =VLOOKUP(A3,Sheet2!B$53:C$67,2,FALSE) -> 1 | F3: =VLOOKUP(A3,Sheet2!B$68:C$83,2,FALSE) -> 1 | G3: =VLOOKUP(A3,Sheet2!B$84:C$100,2,FALSE) -> 5 | H3: =VLOOKUP(A3,Sheet2!B$101:C$120,2,FALSE) -> 12 | I3: =VLOOKUP(A3,Sheet2!B$121:C$142,2,FALSE) -> 2 | J3: =VLOOKUP(A3,Sheet2!B$143:C$162,2,FALSE) -> 5 | K3: =VLOOKUP(A3,Sheet2!B$163:C$178,2,FALSE) -> #N/A
A4: Heavy Snow | B4: =VLOOKUP(A4,Sheet2!B$1:C$13,2,FALSE) -> 4 | C4: =VLOOKUP(A4,Sheet2!B$14:C$30,2,FALSE) -> 1 | D4: =VLOOKUP(A4,Sheet2!B$31:C$52,2,FALSE) -> 6 | E4: =VLOOKUP(A4,Sheet2!B$53:C$67,2,FALSE) -> 1 | F4: =VLOOKUP(A4,Sheet2!B$68:C$83,2,FALSE) -> #N/A | G4: =VLOOKUP(A4,Sheet2!B$84:C$100,2,FALSE) -> #N/A | H4: =VLOOKUP(A4,Sheet2!B$101:C$120,2,FALSE) -> 2 | I4: =VLOOKUP(A4,Sheet2!B$121:C$142,2,FALSE) -> 4 | J4: =VLOOKUP(A4,Sheet2!B$143:C$162,2,FALSE) -> 16 | K4: =VLOOKUP(A4,Sheet2!B$163:C$178,2,FALSE) -> #N/A
A5: Strong Wind | B5: =VLOOKUP(A5,Sheet2!B$1:C$13,2,FALSE) -> 6 | C5: =VLOOKUP(A5,Sheet2!B$14:C$30,2,FALSE) -> 3 | D5: =VLOOKUP(A5,Sheet2!B$31:C$52,2,FALSE) -> 1 | E5: =VLOOKUP(A5,Sheet2!B$53:C$67,2,FALSE) -> #N/A | F5: =VLOOKUP(A5,Sheet2!B$68:C$83,2,FALSE) -> 4 | G5: =VLOOKUP(A5,Sheet2!B$84:C$100,2,FALSE) -> 1 | H5: =VLOOKUP(A5,Sheet2!B$101:C$120,2,FALSE) -> 6 | I5: =VLOOKUP(A5,Sheet2!B$121:C$142,2,FALSE) -> 20 | J5: =VLOOKUP(A5,Sheet2!B$143:C$162,2,FALSE) -> 1 | K5: =VLOOKUP(A5,Sheet2!B$163:C$178,2,FALSE) -> 1
A6: Blizzard | B6: =VLOOKUP(A6,Sheet2!B$1:C$13,2,FALSE) -> 1 | C6: =VLOOKUP(A6,Sheet2!B$14:C$30,2,FALSE) -> 1 | D6: =VLOOKUP(A6,Sheet2!B$31:C$52,2,FALSE) -> #N/A | E6: =VLOOKUP(A6,Sheet2!B$53:C$67,2,FALSE) -> #N/A | F6: =VLOOKUP(A6,Sheet2!B$68:C$83,2,FALSE) -> #N/A | G6: =VLOOKUP(A6,Sheet2!B$84:C$100,2,FALSE) -> #N/A | H6: =VLOOKUP(A6,Sheet2!B$101:C$120,2,FALSE) -> 1 | I6: =VLOOKUP(A6,Sheet2!B$121:C$142,2,FALSE) -> #N/A | J6: =VLOOKUP(A6,Sheet2!B$143:C$162,2,FALSE) -> #N/A | K6: =VLOOKUP(A6,Sheet2!B$163:C$178,2,FALSE) -> #N/A
A7: Excessive Heat | B7: =VLOOKUP(A7,Sheet2!B$1:C$13,2,FALSE) -> 3 | C7: =VLOOKUP(A7,Sheet2!B$14:C$30,2,FALSE) -> #N/A | D7: =VLOOKUP(A7,Sheet2!B$31:C$52,2,FALSE) -> 4 | E7: =VLOOKUP(A7,Sheet2!B$53:C$67,2,FALSE) -> 6 | F7: =VLOOKUP(A7,Sheet2!B$68:C$83,2,FALSE) -> 73 | G7: =VLOOKUP(A7,Sheet2!B$84:C$100,2,FALSE) -> 2 | H7: =VLOOKUP(A7,Sheet2!B$101:C$120,2,FALSE) -> 21 | I7: =VLOOKUP(A7,Sheet2!B$121:C$142,2,FALSE) -> 24 | J7: =VLOOKUP(A7,Sheet2!B$143:C$162,2,FALSE) -> 13 | K7: =VLOOKUP(A7,Sheet2!B$163:C$178,2,FALSE) -> #N/A
A8: Flash Flood | B8: =VLOOKUP(A8,Sheet2!B$1:C$13,2,FALSE) -> 20 | C8: =VLOOKUP(A8,Sheet2!B$14:C$30,2,FALSE) -> 102 | D8: =VLOOKUP(A8,Sheet2!B$31:C$52,2,FALSE) -> 42 | E8: =VLOOKUP(A8,Sheet2!B$53:C$67,2,FALSE) -> 10 | F8: =VLOOKUP(A8,Sheet2!B$68:C$83,2,FALSE) -> 60 | G8: =VLOOKUP(A8,Sheet2!B$84:C$100,2,FALSE) -> 158 | H8: =VLOOKUP(A8,Sheet2!B$101:C$120,2,FALSE) -> 88 | I8: =VLOOKUP(A8,Sheet2!B$121:C$142,2,FALSE) -> 42 | J8: =VLOOKUP(A8,Sheet2!B$143:C$162,2,FALSE) -> 80 | K8: =VLOOKUP(A8,Sheet2!B$163:C$178,2,FALSE) -> 16
A9: Thunderstorm Wind | B9: =VLOOKUP(A9,Sheet2!B$1:C$13,2,FALSE) -> 19 | C9: =VLOOKUP(A9,Sheet2!B$14:C$30,2,FALSE) -> 35 | D9: =VLOOKUP(A9,Sheet2!B$31:C$52,2,FALSE) -> 155 | E9: =VLOOKUP(A9,Sheet2!B$53:C$67,2,FALSE) -> 42 | F9: =VLOOKUP(A9,Sheet2!B$68:C$83,2,FALSE) -> 205 | G9: =VLOOKUP(A9,Sheet2!B$84:C$100,2,FALSE) -> 82 | H9: =VLOOKUP(A9,Sheet2!B$101:C$120,2,FALSE) -> 151 | I9: =VLOOKUP(A9,Sheet2!B$121:C$142,2,FALSE) -> 27 | J9: =VLOOKUP(A9,Sheet2!B$143:C$162,2,FALSE) -> 122 | K9: =VLOOKUP(A9,Sheet2!B$163:C$178,2,FALSE) -> 199
A10: High Wind | B10: =VLOOKUP(A10,Sheet2!B$1:C$13,2,FALSE) -> 9 | C10: =VLOOKUP(A10,Sheet2!B$14:C$30,2,FALSE) -> 249 | D10: =VLOOKUP(A10,Sheet2!B$31:C$52,2,FALSE) -> 24 | E10: =VLOOKUP(A10,Sheet2!B$53:C$67,2,FALSE) -> #N/A | F10: =VLOOKUP(A10,Sheet2!B$68:C$83,2,FALSE) -> #N/A | G10: =VLOOKUP(A10,Sheet2!B$84:C$100,2,FALSE) -> 1 | H10: =VLOOKUP(A10,Sheet2!B$101:C$120,2,FALSE) -> 13 | I10: =VLOOKUP(A10,Sheet2!B$121:C$142,2,FALSE) -> 101 | J10: =VLOOKUP(A10,Sheet2!B$143:C$162,2,FALSE) -> 2 | K10: =VLOOKUP(A10,Sheet2!B$163:C$178,2,FALSE) -> #N/A
A11: Hail | B11: =VLOOKUP(A11,Sheet2!B$1:C$13,2,FALSE) -> 4 | C11: =VLOOKUP(A11,Sheet2!B$14:C$30,2,FALSE) -> 9 | D11: =VLOOKUP(A11,Sheet2!B$31:C$52,2,FALSE) -> 91 | E11: =VLOOKUP(A11,Sheet2!B$53:C$67,2,FALSE) -> 30 | F11: =VLOOKUP(A11,Sheet2!B$68:C$83,2,FALSE) -> 15 | G11: =VLOOKUP(A11,Sheet2!B$84:C$100,2,FALSE) -> 193 | H11: =VLOOKUP(A11,Sheet2!B$101:C$120,2,FALSE) -> 16 | I11: =VLOOKUP(A11,Sheet2!B$121:C$142,2,FALSE) -> 2 | J11: =VLOOKUP(A11,Sheet2!B$143:C$162,2,FALSE) -> 150 | K11: =VLOOKUP(A11,Sheet2!B$163:C$178,2,FALSE) -> 59
A12: Heat | B12: =VLOOKUP(A12,Sheet2!B$1:C$13,2,FALSE) -> 2 | C12: =VLOOKUP(A12,Sheet2!B$14:C$30,2,FALSE) -> #N/A | D12: =VLOOKUP(A12,Sheet2!B$31:C$52,2,FALSE) -> #N/A | E12: =VLOOKUP(A12,Sheet2!B$53:C$67,2,FALSE) -> 1 | F12: =VLOOKUP(A12,Sheet2!B$68:C$83,2,FALSE) -> 46 | G12: =VLOOKUP(A12,Sheet2!B$84:C$100,2,FALSE) -> 4 | H12: =VLOOKUP(A12,Sheet2!B$101:C$120,2,FALSE) -> 4 | I12: =VLOOKUP(A12,Sheet2!B$121:C$142,2,FALSE) -> 20 | J12: =VLOOKUP(A12,Sheet2!B$143:C$162,2,FALSE) -> 29 | K12: =VLOOKUP(A12,Sheet2!B$163:C$178,2,FALSE) -> #N/A
A13: Tropical Storm | B13: =VLOOKUP(A13,Sheet2!B$1:C$13,2,FALSE) -> 1 | C13: =VLOOKUP(A13,Sheet2!B$14:C$30,2,FALSE) -> #N/A | D13: =VLOOKUP(A13,Sheet2!B$31:C$52,2,FALSE) -> #N/A | E13: =VLOOKUP(A13,Sheet2!B$53:C$67,2,FALSE) -> 1 | F13: =VLOOKUP(A13,Sheet2!B$68:C$83,2,FALSE) -> #N/A | G13: =VLOOKUP(A13,Sheet2!B$84:C$100,2,FALSE) -> 1 | H13: =VLOOKUP(A13,Sheet2!B$101:C$120,2,FALSE) -> 1 | I13: =VLOOKUP(A13,Sheet2!B$121:C$142,2,FALSE) -> #N/A | J13: =VLOOKUP(A13,Sheet2!B$143:C$162,2,FALSE) -> #N/A | K13: =VLOOKUP(A13,Sheet2!B$163:C$178,2,FALSE) -> 14
... A36: High Surf | B36: =VLOOKUP(A36,Sheet2!B$1:C$13,2,FALSE) -> #N/A | C36: =VLOOKUP(A36,Sheet2!B$14:C$30,2,FALSE) -> #N/A | D36: =VLOOKUP(A36,Sheet2!B$31:C$52,2,FALSE) -> #N/A | E36: =VLOOKUP(A36,Sheet2!B$53:C$67,2,FALSE) -> #N/A | F36: =VLOOKUP(A36,Sheet2!B$68:C$83,2,FALSE) -> #N/A | G36: =VLOOKUP(A36,Sheet2!B$84:C$100,2,FALSE) -> #N/A | H36: =VLOOKUP(A36,Sheet2!B$101:C$120,2,FALSE) -> #N/A | I36: =VLOOKUP(A36,Sheet2!B$121:C$142,2,FALSE) -> 54 | J36: =VLOOKUP(A36,Sheet2!B$143:C$162,2,FALSE) -> #N/A | K36: =VLOOKUP(A36,Sheet2!B$163:C$178,2,FALSE) -> 2

Sheet Sheet4
B1: NYC | C1: LA | D1: Chicago | E1: Houston | F1: Phoenix | G1: San Antonio | H1: Philadelphia | I1: San Diego | J1: Dallas | K1: Jacksonvile
A2: Winter Weather | B2: 16 | C2: 0 | D2: 21 | E2: 1 | F2: 0 | G2: 11 | H2: 45 | I2: 4 | J2: 11 | K2: 2
A3: Winter Storm | B3: 9 | C3: 35 | D3: 12 | E3: 1 | F3: 1 | G3: 5 | H3: 12 | I3: 2 | J3: 5 | K3: 0
A4: Heavy Snow | B4: 4 | C4: 1 | D4: 6 | E4: 1 | F4: 0 | G4: 0 | H4: 2 | I4: 4 | J4: 16 | K4: 0
A5: Strong Wind | B5: 6 | C5: 3 | D5: 1 | E5: 0 | F5: 4 | G5: 1 | H5: 6 | I5: 20 | J5: 1 | K5: 1
A6: Blizzard | B6: 1 | C6: 1 | D6: 0 | E6: 0 | F6: 0 | G6: 0 | H6: 1 | I6: 0 | J6: 0 | K6: 0
A7: Excessive Heat | B7: 3 | C7: 0 | D7: 4 | E7: 6 | F7: 73 | G7: 2 | H7: 21 | I7: 24 | J7: 13 | K7: 0
A8: Flash Flood | B8: 20 | C8: 102 | D8: 42 | E8: 10 | F8: 60 | G8: 158 | H8: 88 | I8: 42 | J8: 80 | K8: 16
A9: Thunderstorm Wind | B9: 19 | C9: 35 | D9: 155 | E9: 42 | F9: 205 | G9: 82 | H9: 151 | I9: 27 | J9: 122 | K9: 199
A10: High Wind | B10: 9 | C10: 249 | D10: 24 | E10: 0 | F10: 0 | G10: 1 | H10: 13 | I10: 101 | J10: 2 | K10: 0
A11: Hail | B11: 4 | C11: 9 | D11: 91 | E11: 30 | F11: 15 | G11: 193 | H11: 16 | I11: 2 | J11: 150 | K11: 59
A12: Heat | B12: 2 | C12: 0 | D12: 0 | E12: 1 | F12: 46 | G12: 4 | H12: 4 | I12: 20 | J12: 29 | K12: 0
A13: Tropical Storm | B13: 1 | C13: 0 | D13: 0 | E13: 1 | F13: 0 | G13: 1 | H13: 1 | I13: 0 | J13: 0 | K13: 14
... A36: High Surf | B36: 0 | C36: 0 | D36: 0 | E36: 0 | F36: 0 | G36: 0 | H36: 0 | I36: 54 | J36: 0 | K36: 2
